year,status,records,notes
2014,Pending,0,Historical backfill pending
2015,Pending,0,Historical backfill pending
2016,Pending,0,Historical backfill pending
2017,Pending,0,Historical backfill pending
2018,Pending,0,Historical backfill pending
2019,Pending,0,Historical backfill pending
2020,Pending,0,Historical backfill pending
2021,Pending,0,Historical backfill pending
2022,Pending,0,Historical backfill pending
2023,Pending,0,Historical backfill pending
2024,Pending,0,Historical backfill pending
2025,Partial,265,265 Index II-enriched Bhakti Park/Anik records currently loaded; full-year completeness still to be checked against IGR metadata
2026,Partial,198,198 unique IGR metadata records loaded for Anik / 1A/1; 169 have Index II enrichment
