year,registration_date,doc_no,document_name,doc_group,village,property_no,sro_name,sro_code,building_name,unit_no,floor_no,area_sqft,consideration_amount,market_value,rate_per_sqft,rent_amount,deposit_amount,source_kind,record_quality
2026,04/07/2026,15791,गहाणखत,Mortgage / Security,Anik,1A/1,सह दु.नि.मुंबई 31,520,,1801,,719.0,,,,,,Maharashtra IGR,IGR metadata
2026,01/07/2026,14573,करारनामा,Other,Anik,1A/1,सह दु.नि.मुंबई 2,319,बी विंग,504,पाचवा मजला,,,,,,,Maharashtra IGR,IGR metadata
2026,30/06/2026,1848,"Agreement Relating to Deposit of Title Deeds,Pawn",Mortgage / Security,Anik,1A/1,Joint S.R. Mumbai 10,378,AJMERA MANHATTAN BLDG NO,,,,,,,,,Maharashtra IGR,IGR metadata
2026,29/06/2026,12336,Leave and Licenses,Rent / Licence,Anik,1A/1,Joint S.R. Mumbai 10,378,BUILDING NO 5 SHREE SAI SHRDDHA CHS LTD Address:MMRDA COLONYRoad name:BHAKTI PARK WADALA MUMBAI Pinc,215Floor,2Building Name:BUILDING NO 5 SHREE SAI S,,,,,,,Maharashtra IGR,IGR metadata
2026,29/06/2026,12954,65-चुक दुरुस्ती पत्र,Correction,Anik,1A/1,सह दु.नि.मुंबई 29,390,अजमेरा ग्रीनफिनिटी,1802,18वा मजला,,,,,,,Maharashtra IGR,IGR metadata
2026,27/06/2026,15095,करारनामा,Other,Anik,1A/1,सह दु.नि.मुंबई 31,520,अजमेरा मॅनहॅटन,2008,20 वा मजला,,,,,,,Maharashtra IGR,IGR metadata
2026,27/06/2026,15097,करारनामा,Other,Anik,1A/1,सह दु.नि.मुंबई 31,520,अजमेरा मॅनहॅटन,2007,20 वा मजला,,,,,,,Maharashtra IGR,IGR metadata
2026,25/06/2026,14703,सेल डीड,Sale / Agreement,Anik,1A/1,सह दु.नि.मुंबई 28,370,,313,,,,,,,,Maharashtra IGR,IGR metadata
2026,25/06/2026,14705,सेल डीड,Sale / Agreement,Anik,1A/1,सह दु.नि.मुंबई 28,370,,,,,,,,,,Maharashtra IGR,IGR metadata
2026,24/06/2026,13992,सेल डीड,Sale / Agreement,Anik,1A/1,सह दु.नि.मुंबई 2,319,कॉमेट सी.एच.एस. ली.,503,पाचवा मजला,,,,,,,Maharashtra IGR,IGR metadata
2026,24/06/2026,6664,Leave and Licenses,Rent / Licence,Anik,1A/1,Joint S.R. Mumbai 25,518,BUILDING NO 3Address:MMRDA COLONY Road name:BHAKTI PARK WADALA MUMBAI Pincode:400037City:AnikDistric,117Floor,1Building Name:BUILDING NO 3Address:MMRD,,,,,,,Maharashtra IGR,IGR metadata
2026,23/06/2026,11458,गहाणखत,Mortgage / Security,Anik,1A/1,सह दु.नि.मुंबई 12,512,,,,,,,,,,Maharashtra IGR,IGR metadata
2026,23/06/2026,13981,करारनामा,Other,Anik,1A/1,सह दु.नि.मुंबई 27,369,अजमेरा मेनहट्टंन बिल्डिंग नं 3,1204,12वा मजला,,,,,,,Maharashtra IGR,IGR metadata
2026,21/06/2026,14758,सेल डीड,Sale / Agreement,Anik,1A/1,सह दु.नि.मुंबई 31,520,कॉस्मिक हाइट्स,903,9 वा मजला,,,,,,,Maharashtra IGR,IGR metadata
2026,20/06/2026,14663,सेल डीड,Sale / Agreement,Anik,1A/1,सह दु.नि.मुंबई 31,520,अजमेरा ग्रीनफिनिटी,2104,21वा मजला,,,,,,,Maharashtra IGR,IGR metadata
2026,20/06/2026,14675,सेल डीड,Sale / Agreement,Anik,1A/1,सह दु.नि.मुंबई 31,520,,,,,,,,,,Maharashtra IGR,IGR metadata
2026,19/06/2026,14529,करारनामा,Other,Anik,1A/1,सह दु.नि.मुंबई 31,520,,,,,,,,,,Maharashtra IGR,IGR metadata
2026,18/06/2026,13599,करारनामा,Other,Anik,1A/1,सह दु.नि.मुंबई 27,369,अजमेरा मेनहट्टंन बिल्डिंग नं 3,4101,41वा मजला,,,,,,,Maharashtra IGR,IGR metadata
2026,17/06/2026,13363,गहाणखत,Mortgage / Security,Anik,1A/1,सह दु.नि.मुंबई 2,319,ए विंग,503,पाचवा मजला,,,,,,,Maharashtra IGR,IGR metadata
2026,17/06/2026,13558,सेल डीड,Sale / Agreement,Anik,1A/1,सह दु.नि.मुंबई 27,369,बोलिव्हिन एल्प्स,901,9,,,,,,,Maharashtra IGR,IGR metadata
2026,17/06/2026,1516,"Agreement Relating to Deposit of Title Deeds,Pawn",Mortgage / Security,Anik,1A/1,Joint S.R. Mumbai 19,387,AJMERA MANHATTAN BUILDING NO,,,,,,,,,Maharashtra IGR,IGR metadata
2026,12/06/2026,10368,Leave and Licenses,Rent / Licence,Anik,1A/1,Joint S.R. Mumbai 8,322,BUILDING NO 2Address:MMRDA COLONY Road name:BHAKTI PARK WADALA MUMBAI Pincode:400037City:AnikDistric,507Floor,5Building Name:BUILDING NO 2Address:MMRD,,,,,,,Maharashtra IGR,IGR metadata
2026,12/06/2026,13113,करारनामा,Other,Anik,1A/1,सह दु.नि.मुंबई 27,369,अजमेरा ग्रीनफिनिटी,1301,13वा मजला,,,,,,,Maharashtra IGR,IGR metadata
2026,12/06/2026,13929,करारनामा,Other,Anik,1A/1,सह दु.नि.मुंबई 31,520,कॉस्मिक हाइट्स,2104,21 वा मजला,,,,,,,Maharashtra IGR,IGR metadata
2026,11/06/2026,13891,36-अ-लिव्ह अॅड लायसन्सेस,Rent / Licence,Anik,1A/1,सह दु.नि.मुंबई 31,520,अजमेरा ट्रीयॉन,ए 1004,10 वा मजला,,,,,,,Maharashtra IGR,IGR metadata
2026,10/06/2026,11076,Leave and Licenses,Rent / Licence,Anik,1A/1,Joint S.R. Mumbai 10,378,Ajmera GreenfinityAddress:Bhakti Park Wadala EastRoad name:Anik Wadala RoadPincode:400037City:AnikDi,2101,21Building Name:Ajmera GreenfinityAddres,,,,,,,Maharashtra IGR,IGR metadata
2026,10/06/2026,13965,सेल डीड,Sale / Agreement,Anik,1A/1,सह दु.नि.मुंबई 4,508,,1703,,,,,,,,Maharashtra IGR,IGR metadata
2026,10/06/2026,9813,Leave and Licenses,Rent / Licence,Anik,1A/1,Joint S.R. Mumbai 16,324,BUILDING NO 3Address:MMRDA COLONY Road name:BHAKTI PARK WADALA MUMBAIPincode:400037City:AnikDistrict,411Floor,4Building Name:BUILDING NO 3Address:MMRD,,,,,,,Maharashtra IGR,IGR metadata
2026,09/06/2026,5026,"Agreement Relating to Deposit of Title Deeds,Pawn",Mortgage / Security,Anik,1A/1,Joint S.R. Mumbai 11,401,AJMERA ZEON CHS LTD WADALA EAST MUMBAI BHAK,,,,,,,,,Maharashtra IGR,IGR metadata
2026,08/06/2026,10825,Leave and Licenses,Rent / Licence,Anik,1A/1,Joint S.R. Mumbai 17,367,BUILDING NO 2 Address:MMRDA COLONY Road name:BHAKTI PARK WADALA MUMBAI Pincode:400037City:AnikDistri,319,3Building Name:BUILDING NO 2 Address:MMR,,,,,,,Maharashtra IGR,IGR metadata
2026,08/06/2026,12539,करारनामा,Other,Anik,1A/1,सह दु.नि.मुंबई 2,319,,1402,,,,,,,,Maharashtra IGR,IGR metadata
2026,08/06/2026,12730,65-चुक दुरुस्ती पत्र,Correction,Anik,1A/1,सह दु.नि.मुंबई 27,369,अजमेरा मेनहट्टंन बिल्डिंग नं 3,1402,14वा मजला,,,,,,,Maharashtra IGR,IGR metadata
2026,03/06/2026,4835,"Agreement Relating to Deposit of Title Deeds,Pawn",Mortgage / Security,Anik,1A/1,Joint S.R. Mumbai 11,401,AJMERA MANHATTAN BHAKTI PARK WADALA EAST MU,,,,,,,,,Maharashtra IGR,IGR metadata
2026,02/06/2026,12359,अँग्रीमेंट टू सेल,Sale / Agreement,Anik,1A/1,सह दु.नि.मुंबई 27,369,अजमेरा झेओन,2802,28वा मजला,867.68,,,,,,Maharashtra IGR,IGR metadata
2026,02/06/2026,13080,सेल डीड,Sale / Agreement,Anik,1A/1,सह दु.नि.मुंबई 31,520,,2101,,,,,,,,Maharashtra IGR,IGR metadata
2026,02/06/2026,9671,Leave and Licenses,Rent / Licence,Anik,1A/1,Joint S.R. Mumbai 8,322,BUILDING NO 2Address:MMRDA COLONY Road name:BHAKTI PARK WADALA MUMBAI Pincode:400037City:AnikDistric,515Floor,5Building Name:BUILDING NO 2Address:MMRD,,,,,,,Maharashtra IGR,IGR metadata
2026,01/06/2026,7310,Leave and Licenses,Rent / Licence,Anik,1A/1,Joint S.R. Mumbai 24,517,BUILDING NO 3Address:MMRDA COLONY Road name:BHAKTI PARK WADALA MUMBAI Pincode:400037City:AnikDistric,714Floor,7Building Name:BUILDING NO 3Address:MMRD,,,,,,,Maharashtra IGR,IGR metadata
2026,29/05/2026,1535,"Agreement Relating to Deposit of Title Deeds,Pawn",Mortgage / Security,Anik,1A/1,Joint S.R. Mumbai 17,367,AJMERA GREENFINITY,,,,,,,,,Maharashtra IGR,IGR metadata
2026,27/05/2026,8216,Leave and Licenses,Rent / Licence,Anik,1A/1,Joint S.R. Mumbai 18,368,BUILDING NO 5 SHREE SAI SHRADDHA CHS LTD Address:MMRDA COLONY Road name:BHAKTI PARK WADALA MUMBAI Pi,416Floor,4Building Name:BUILDING NO 5 SHREE SAI S,,,,,,,Maharashtra IGR,IGR metadata
2026,26/05/2026,949,"Agreement Relating to Deposit of Title Deeds,Pawn",Mortgage / Security,Anik,1A/1,Joint S.R. Mumbai 8,322,AJMERA TREON WADALA LINK RD,,,,,,,,,Maharashtra IGR,IGR metadata
2026,25/05/2026,12476,करारनामा,Other,Anik,1A/1,सह दु.नि.मुंबई 31,520,कॉस्मिक हाइट्स,903,9 वा मजला,,,,,,,Maharashtra IGR,IGR metadata
2026,21/05/2026,11236,सेल डीड,Sale / Agreement,Anik,1A/1,सह दु.नि.मुंबई 2,319,बील्डींग नं.आर11,रूम नं 114,पहिला मजला,,,,,,,Maharashtra IGR,IGR metadata
2026,21/05/2026,12156,अँग्रीमेंट टू सेल,Sale / Agreement,Anik,1A/1,सह दु.नि.मुंबई 31,520,,1401,,,,,,,,Maharashtra IGR,IGR metadata
2026,21/05/2026,12158,अँग्रीमेंट टू सेल,Sale / Agreement,Anik,1A/1,सह दु.नि.मुंबई 31,520,,1402,,,,,,,,Maharashtra IGR,IGR metadata
2026,19/05/2026,1015,"Agreement Relating to Deposit of Title Deeds,Pawn",Mortgage / Security,Anik,1A/1,Joint S.R. Mumbai 9,323,AJMERA GREENFINITY,,,,,,,,,Maharashtra IGR,IGR metadata
2026,15/05/2026,11607,अँग्रीमेंट टू सेल,Sale / Agreement,Anik,1A/1,सह दु.नि.मुंबई 31,520,अजमेरा ग्रीनफिनिटी सी एच एस लि.,504,5वा मजला,,,,,,,Maharashtra IGR,IGR metadata
2026,15/05/2026,6550,Leave and Licenses,Rent / Licence,Anik,1A/1,Joint S.R. Mumbai 24,517,BUILDING NO 03Address:MMRDA COLONY Road name:BHAKTI PARK WADALA MUMBAI Pincode:400037City:AnikDistri,110Floor,1Building Name:BUILDING NO 03Address:MMR,,,,,,,Maharashtra IGR,IGR metadata
2026,11/05/2026,10530,36-अ-लिव्ह अॅड लायसन्सेस,Rent / Licence,Anik,1A/1,सह दु.नि.मुंबई 27,369,अजमेरा ग्रीन्फिनिटी,901,9वा मजला,,,,,,,Maharashtra IGR,IGR metadata
2026,11/05/2026,11383,करारनामा,Other,Anik,1A/1,सह दु.नि.मुंबई 4,508,कॉमेट सी . एच . एस . ली,503,पाचवा मजला,,,,,,,Maharashtra IGR,IGR metadata
2026,10/05/2026,917,"Agreement Relating to Deposit of Title Deeds,Pawn",Mortgage / Security,Anik,1A/1,Joint S.R. Mumbai 14,514,AJMERA MANHATTAN WADALA EAST MUMBAI,,,,,,,,,Maharashtra IGR,IGR metadata
2026,08/05/2026,4176,"Agreement Relating to Deposit of Title Deeds,Pawn",Mortgage / Security,Anik,1A/1,Joint S.R. Mumbai 11,401,AJMERA TREON A WING BHAKTI PARK WADALA EAST,,,,,,,,,Maharashtra IGR,IGR metadata
2026,06/05/2026,10190,करारनामा,Other,Anik,1A/1,सह दु.नि.मुंबई 27,369,अजमेरा मेनहट्टंन बिल्डिंग नं 3,3604,36वा मजला,,,,,,,Maharashtra IGR,IGR metadata
2026,06/05/2026,4373,Leave and Licenses,Rent / Licence,Anik,1A/1,Joint S.R. Mumbai 25,518,SHREE SIDDHIVINAYAK CHS LTD,,GroundBuilding Name:SHREE SIDDHIVINAYAK ,,,,,,,Maharashtra IGR,IGR metadata
2026,05/05/2026,1875,Leave and Licenses,Rent / Licence,Anik,1A/1,Joint S.R. Mumbai 32,521,BUILDING NO 9 Address:MMRDA COLONY Road name:BHAKTI PARK WADALA Pincode:400037City:AnikDistrict:Mumb,418Floor,4Building Name:BUILDING NO 9 Address:MMR,,,,,,,Maharashtra IGR,IGR metadata
2026,05/05/2026,9982,सेल डीड,Sale / Agreement,Anik,1A/1,सह दु.नि.मुंबई 27,369,व्हॅलेन्सिया,501,5वा मजला,,,,,,,Maharashtra IGR,IGR metadata
2026,04/05/2026,4001,"Agreement Relating to Deposit of Title Deeds,Pawn",Mortgage / Security,Anik,1A/1,Joint S.R. Mumbai 11,401,AJMERA TREON BHAKTI PARK ROAD WADALA LINK R,,,,,,,,,Maharashtra IGR,IGR metadata
2026,04/05/2026,9624,65-चुक दुरुस्ती पत्र,Correction,Anik,1A/1,सह दु.नि.मुंबई 2,319,श्री सिद्धीविनायक को-ऑप.हौ.सो.लि.भक्ति पार्क,317 बिल्डिंग नं .9,तिसरा मजला,,,,,,,Maharashtra IGR,IGR metadata
2026,03/05/2026,8903,Leave and Licenses,Rent / Licence,Anik,1A/1,Joint S.R. Mumbai 20,388,BUILDING NO 11Address:MMRDA COLONY Road name:BHAKTI PARK WADALA Pincode:400037City:AnikDistrict:Mumb,410Floor,4Building Name:BUILDING NO 11Address:MMR,,,,,,,Maharashtra IGR,IGR metadata
2026,27/04/2026,1106,"Agreement Relating to Deposit of Title Deeds,Pawn",Mortgage / Security,Anik,1A/1,Joint S.R. Mumbai 10,378,AJMERA MANHATTAN BLDG NO,,,,,,,,,Maharashtra IGR,IGR metadata
2026,27/04/2026,1107,"Agreement Relating to Deposit of Title Deeds,Pawn",Mortgage / Security,Anik,1A/1,Joint S.R. Mumbai 10,378,AJMERA MANHATTAN BLDG NO,,,,,,,,,Maharashtra IGR,IGR metadata
2026,27/04/2026,1695,Leave and Licenses,Rent / Licence,Anik,1A/1,Joint S.R. Mumbai 32,521,BUILDING NO 03Address:MMRDA COLONY Road name:BHAKTI PARK WADALA MUMBAIPincode:400037City:AnikDistric,711Floor,7Building Name:BUILDING NO 03Address:MMR,,,,,,,Maharashtra IGR,IGR metadata
2026,27/04/2026,7883,Leave and Licenses,Rent / Licence,Anik,1A/1,Joint S.R. Mumbai 10,378,Ajmera ZeonAddress:Wadala East Mumbai Road name:Bhakti Park,104,1Building Name:Ajmera ZeonAddress:Wadala,,,,,,,Maharashtra IGR,IGR metadata
2026,26/04/2026,8540,अँग्रीमेंट टू सेल,Sale / Agreement,Anik,1A/1,सह दु.नि.मुंबई 30,391,,,,,,,,,,Maharashtra IGR,IGR metadata
2026,23/04/2026,8999,करारनामा,Other,Anik,1A/1,सह दु.नि.मुंबई 27,369,अजमेरा ग्रीनफिनिटी,2102,21वा मजला,,,,,,,Maharashtra IGR,IGR metadata
2026,21/04/2026,8836,36-अ-लिव्ह अॅड लायसन्सेस,Rent / Licence,Anik,1A/1,सह दु.नि.मुंबई 27,369,अजमेरा ग्रीन्फिनिटी,902,9वा मजला,,,,,,,Maharashtra IGR,IGR metadata
2026,19/04/2026,7894,सेल डीड,Sale / Agreement,Anik,1A/1,सह दु.नि.मुंबई 30,391,आयव्हरी टॉवर्स को-ऑप हौसिंग सोसायटी लिमिटेड,1104,11 वा मजला,,,,,,,Maharashtra IGR,IGR metadata
2026,19/04/2026,7895,सेल डीड,Sale / Agreement,Anik,1A/1,सह दु.नि.मुंबई 30,391,आयव्हरी टॉवर्स को-ऑप हौसिंग सोसायटी लिमिटेड,1105,11 वा मजला,,,,,,,Maharashtra IGR,IGR metadata
2026,17/04/2026,1163,"Agreement Relating to Deposit of Title Deeds,Pawn",Mortgage / Security,Anik,1A/1,Joint S.R. Mumbai 20,388,,,,,,,,,,Maharashtra IGR,IGR metadata
2026,17/04/2026,8480,रिकन्व्हेन्स,Release / Reconveyance,Anik,1A/1,सह दु.नि.मुंबई 27,369,,,,,,,,,,Maharashtra IGR,IGR metadata
2026,17/04/2026,8510,गहाणखत,Mortgage / Security,Anik,1A/1,सह दु.नि.मुंबई 27,369,,,,,,,,,,Maharashtra IGR,IGR metadata
2026,17/04/2026,8629,पुरवणी करारनामा,Other,Anik,1A/1,सह दु.नि.मुंबई 27,369,सिद्धेश्वर को-ऑप. हौसिंग सोसायटी,417,4 था मजला,,,,,,,Maharashtra IGR,IGR metadata
2026,16/04/2026,8915,सेल डीड,Sale / Agreement,Anik,1A/1,सह दु.नि.मुंबई 31,520,अजमेरा झिऑन,फ्लॅट नं बी -1801,18 वा मजला,,,,,,,Maharashtra IGR,IGR metadata
2026,15/04/2026,3441,"Agreement Relating to Deposit of Title Deeds,Pawn",Mortgage / Security,Anik,1A/1,Joint S.R. Mumbai 11,401,AJMERA MANHATTAN BUILDING NO,,,,,,,,,Maharashtra IGR,IGR metadata
2026,15/04/2026,7296,Leave and Licenses,Rent / Licence,Anik,1A/1,Joint S.R. Mumbai 20,388,BUILDING NO 03Address:MMRDA COLONY Road name:BHAKTI PARK WADALA Pincode:400037City:AnikDistrict:Mumb,214Floor,2Building Name:BUILDING NO 03Address:MMR,,,,,,,Maharashtra IGR,IGR metadata
2026,15/04/2026,8302,करारनामा,Other,Anik,1A/1,सह दु.नि.मुंबई 27,369,अजमेरा मेनहट्टंन बिल्डिंग नं 3,3902,39वा मजला,,,,,,,Maharashtra IGR,IGR metadata
2026,15/04/2026,8303,करारनामा,Other,Anik,1A/1,सह दु.नि.मुंबई 27,369,अजमेरा मेनहट्टंन बिल्डिंग नं 3,3901,39वा मजला,,,,,,,Maharashtra IGR,IGR metadata
2026,13/04/2026,6572,Leave and Licenses,Rent / Licence,Anik,1A/1,Joint S.R. Mumbai 22,451,BUILDING NO 4 Address:MMRDA COLONY Road name:BHAKTI PARK WADALA MUMBAI Pincode:400037City:AnikDistri,605Floor,6Building Name:BUILDING NO 4 Address:MMR,,,,,,,Maharashtra IGR,IGR metadata
2026,13/04/2026,8391,Leave and Licenses,Rent / Licence,Anik,1A/1,Joint S.R. Mumbai 28,370,BUILDING NO 2 Address:MMRDA COLONY Road name:BHAKTI PARK WADALA Pincode:400037City:AnikDistrict:Mumb,,GroundBuilding Name:BUILDING NO 2 Addres,,,,,,,Maharashtra IGR,IGR metadata
2026,09/04/2026,7847,करारनामा,Other,Anik,1A/1,सह दु.नि.मुंबई 27,369,ओडिसी,1301,13 वा मजला,,,,,,,Maharashtra IGR,IGR metadata
2026,08/04/2026,8254,करारनामा,Other,Anik,1A/1,सह दु.नि.मुंबई 31,520,ओडिसी,503,5 वा मजला,,,,,,,Maharashtra IGR,IGR metadata
2026,07/04/2026,833,"Agreement Relating to Deposit of Title Deeds,Pawn",Mortgage / Security,Anik,1A/1,Joint S.R. Mumbai 10,378,AJMERA MANHATTAN BHAKTI PARK ROAD ANIK WADA,,,,,,,,,Maharashtra IGR,IGR metadata
2026,07/04/2026,835,"Agreement Relating to Deposit of Title Deeds,Pawn",Mortgage / Security,Anik,1A/1,Joint S.R. Mumbai 10,378,AJMERA MANHATTAN BHAKTI PARK ANIK WADALA LI,,,,,,,,,Maharashtra IGR,IGR metadata
2026,31/03/2026,5953,Leave and Licenses,Rent / Licence,Anik,1A/1,Joint S.R. Mumbai 10,378,Ajmera GreenfinityAddress:Bhakti Park Wadala EastRoad name:Anik Wadala Link RoadPincode:400037City:A,C-1702Floor,17Building Name:Ajmera GreenfinityAddres,,,,,,,Maharashtra IGR,IGR metadata
2026,28/03/2026,7247,करारनामा,Other,Anik,1A/1,सह दु.नि.मुंबई 31,520,कॉस्मिक हाइट्स,502,5 वा मजला,,,,,,,Maharashtra IGR,IGR metadata
2026,28/03/2026,7248,करारनामा,Other,Anik,1A/1,सह दु.नि.मुंबई 31,520,कॉस्मिक हाइट्स,501,5 वा मजला,,,,,,,Maharashtra IGR,IGR metadata
2026,27/03/2026,6692,करारनामा,Other,Anik,1A/1,सह दु.नि.मुंबई 27,369,अजमेरा मेनहट्टंन बिल्डिंग नं 3,3907,39वा मजला,,,,,,,Maharashtra IGR,IGR metadata
2026,27/03/2026,6694,करारनामा,Other,Anik,1A/1,सह दु.नि.मुंबई 27,369,अजमेरा मेनहट्टंन बिल्डिंग नं 3,3908,39वा मजला,,,,,,,Maharashtra IGR,IGR metadata
2026,27/03/2026,6695,करारनामा,Other,Anik,1A/1,सह दु.नि.मुंबई 27,369,बी विंग,104,पहिला मजला,,,,,,,Maharashtra IGR,IGR metadata
2026,27/03/2026,809,"Agreement Relating to Deposit of Title Deeds,Pawn",Mortgage / Security,Anik,1A/1,Joint S.R. Mumbai 17,367,AJMERA MANHATTAN WADALA LINK ROAD WADALA E,,,,,,,,,Maharashtra IGR,IGR metadata
2026,26/03/2026,6539,करारनामा,Other,Anik,1A/1,सह दु.नि.मुंबई 27,369,अजमेरा मेनहट्टंन बिल्डिंग नं 3,3407,34वा मजला,,,,,,,Maharashtra IGR,IGR metadata
2026,26/03/2026,6540,करारनामा,Other,Anik,1A/1,सह दु.नि.मुंबई 27,369,अजमेरा मेनहट्टंन बिल्डिंग नं 3,3408,34वा मजला,,,,,,,Maharashtra IGR,IGR metadata
2026,25/03/2026,4426,Leave and Licenses,Rent / Licence,Anik,1A/1,Joint S.R. Mumbai 18,368,Ajmera GreenfinityAddress:Bhakti Park,802/D,8Building Name:Ajmera GreenfinityAddress,,,,,,,Maharashtra IGR,IGR metadata
2026,23/03/2026,5419,Leave and Licenses,Rent / Licence,Anik,1A/1,Joint S.R. Mumbai 30,391,BUILDING NO 11Address:MMRDA COLONY Road name:BHAKTI PARK WADALA MUMBAI Pincode:400037City:AnikDistri,410,4Building Name:BUILDING NO 11Address:MMR,,,,,,,Maharashtra IGR,IGR metadata
2026,23/03/2026,6120,करारनामा,Other,Anik,1A/1,सह दु.नि.मुंबई 27,369,अजमेरा मेनहट्टंन बिल्डिंग नं 3,1005,10वा मजला,,,,,,,Maharashtra IGR,IGR metadata
2026,23/03/2026,6481,सेल डीड,Sale / Agreement,Anik,1A/1,सह दु.नि.मुंबई 31,520,अजमेरा झेऑन को ऑप हौ सो लिमिटेड,2401,24 वा मजला,,,,,,,Maharashtra IGR,IGR metadata
2026,22/03/2026,5944,करारनामा,Other,Anik,1A/1,सह दु.नि.मुंबई 2,319,श्री सिद्धीविनायक को-ऑप.हौ.सो.लि.भक्ति पार्क,317 बिल्डिंग नं .9,तिसरा मजला,,,,,,,Maharashtra IGR,IGR metadata
2026,20/03/2026,5956,करारनामा,Other,Anik,1A/1,सह दु.नि.मुंबई 27,369,अजमेरा मेनहट्टंन बिल्डिंग नं 3,1505,15वा मजला,,,,,,,Maharashtra IGR,IGR metadata
2026,20/03/2026,6037,करारनामा,Other,Anik,1A/1,सह दु.नि.मुंबई 27,369,कॉसमिक हाइट्स,2504,25 वा मजला,,,,,,,Maharashtra IGR,IGR metadata
2026,20/03/2026,6098,अँग्रीमेंट टू सेल,Sale / Agreement,Anik,1A/1,सह दु.नि.मुंबई 27,369,अजमेरा मेनहट्टंन बिल्डिंग नं 3,1402,14वा मजला,,,,,,,Maharashtra IGR,IGR metadata
2026,17/03/2026,5658,सेल डीड,Sale / Agreement,Anik,1A/1,सह दु.नि.मुंबई 27,369,,,,,,,,,,Maharashtra IGR,IGR metadata
2026,17/03/2026,5752,अँग्रीमेंट टू सेल,Sale / Agreement,Anik,1A/1,सह दु.नि.मुंबई 27,369,अजमेरा मेनहट्टंन बिल्डिंग नं 3,1407,14वा मजला,,,,,,,Maharashtra IGR,IGR metadata
2026,17/03/2026,5753,अँग्रीमेंट टू सेल,Sale / Agreement,Anik,1A/1,सह दु.नि.मुंबई 27,369,अजमेरा मेनहट्टंन बिल्डिंग नं 3,1408,14वा मजला,,,,,,,Maharashtra IGR,IGR metadata
2026,13/03/2026,5479,करारनामा,Other,Anik,1A/1,सह दु.नि.मुंबई 27,369,ओडिसी,201,2 रा मजला,,,,,,,Maharashtra IGR,IGR metadata
2026,12/03/2026,5423,36-अ-लिव्ह अॅड लायसन्सेस,Rent / Licence,Anik,1A/1,सह दु.नि.मुंबई 27,369,अजमेरा ग्रीन्फिनिटी,903,9वा मजला,,,,,,,Maharashtra IGR,IGR metadata
2026,11/03/2026,2403,"Agreement Relating to Deposit of Title Deeds,Pawn",Mortgage / Security,Anik,1A/1,Joint S.R. Mumbai 11,401,AJMERA MANHATTAN BLDG NO,,,,,,,,,Maharashtra IGR,IGR metadata
2026,11/03/2026,5227,करारनामा,Other,Anik,1A/1,सह दु.नि.मुंबई 27,369,अजमेरा मेनहट्टंन बिल्डिंग नं 3,705,7वा मजला,,,,,,,Maharashtra IGR,IGR metadata
2026,11/03/2026,5228,करारनामा,Other,Anik,1A/1,सह दु.नि.मुंबई 27,369,अजमेरा मेनहट्टंन बिल्डिंग नं 3,905,9वा मजला,,,,,,,Maharashtra IGR,IGR metadata
2026,09/03/2026,5246,करारनामा,Other,Anik,1A/1,सह दु.नि.मुंबई 31,520,,3501,,,,,,,,Maharashtra IGR,IGR metadata
2026,04/03/2026,4420,Leave and Licenses,Rent / Licence,Anik,1A/1,Joint S.R. Mumbai 11,401,Ajmera GreenfinityAddress: Bhakti Park,101,1Building Name: Ajmera GreenfinityAddres,,,,,,,Maharashtra IGR,IGR metadata
2026,02/03/2026,978,"Agreement Relating to Deposit of Title Deeds,Pawn",Mortgage / Security,Anik,1A/1,Joint S.R. Mumbai 16,324,AJMERA GREENFINITY BHAKTI PARK ANIK WADALA,,,,,,,,,Maharashtra IGR,IGR metadata
2026,28/02/2026,4414,सेल डीड,Sale / Agreement,Anik,1A/1,सह दु.नि.मुंबई 2,319,बिल्डिंग नं 4 साईभक्ती सी एच एस ली,रूम नं 115,1ला मजला,,,,,,,Maharashtra IGR,IGR metadata
2026,27/02/2026,4382,बक्षीसपत्र,Gift,Anik,1A/1,सह दु.नि.मुंबई 27,369,अजमेरा ट्रेऑन,सदनिका नं 2603 ए विंग,26वा हॅबिटेबल मजला,,,,,,,Maharashtra IGR,IGR metadata
2026,26/02/2026,231,"Agreement Relating to Deposit of Title Deeds,Pawn",Mortgage / Security,Anik,1A/1,Joint S.R. Mumbai 13,513,AJMERA MANHATTAN BLDG,3205,,,,,,,,Maharashtra IGR,IGR metadata
2026,26/02/2026,3134,Leave and Licenses,Rent / Licence,Anik,1A/1,Joint S.R. Mumbai 18,368,BUILDING NO 1 Address:MMRDA COLONY Road name:BHAKTI PARK WADALA Pincode:400037City:AnikDistrict:Mumb,102,1Building Name:BUILDING NO 1 Address:MMR,,,,,,,Maharashtra IGR,IGR metadata
2026,26/02/2026,4560,अँग्रीमेंट टू सेल,Sale / Agreement,Anik,1A/1,सह दु.नि.मुंबई 31,520,,,,,,,,,,Maharashtra IGR,IGR metadata
2026,23/02/2026,3871,Leave and Licenses,Rent / Licence,Anik,1A/1,Joint S.R. Mumbai 27,369,BUILDING NO 1Address:MMRDA COLONY Road name:BHAKTI PARK WADALA Pincode:400037City:AnikDistrict:Mumba,305Floor,3Building Name:BUILDING NO 1Address:MMRD,,,,,,,Maharashtra IGR,IGR metadata
2026,20/02/2026,3639,करारनामा,Other,Anik,1A/1,सह दु.नि.मुंबई 27,369,अजमेरा मेनहट्टंन बिल्डिंग नं 3,4007,40वा मजला,,,,,,,Maharashtra IGR,IGR metadata
2026,20/02/2026,3640,करारनामा,Other,Anik,1A/1,सह दु.नि.मुंबई 27,369,अजमेरा मेनहट्टंन बिल्डिंग नं 3,4008,40वा मजला,,,,,,,Maharashtra IGR,IGR metadata
2026,20/02/2026,3709,करारनामा,Other,Anik,1A/1,सह दु.नि.मुंबई 27,369,अजमेरा मेनहट्टंन बिल्डिंग नं 3,4303,43वा मजला,,,,,,,Maharashtra IGR,IGR metadata
2026,20/02/2026,3770,सेल डीड,Sale / Agreement,Anik,1A/1,सह दु.नि.मुंबई 27,369,,,,,,,,,,Maharashtra IGR,IGR metadata
2026,18/02/2026,3568,करारनामा,Other,Anik,1A/1,सह दु.नि.मुंबई 27,369,अजमेरा मेनहट्टंन बिल्डिंग नं 3,2905,29वा मजला,,,,,,,Maharashtra IGR,IGR metadata
2026,13/02/2026,3111,करारनामा,Other,Anik,1A/1,सह दु.नि.मुंबई 27,369,अजमेरा मेनहट्टंन बिल्डिंग नं 3,2608,26वा मजला,,,,,,,Maharashtra IGR,IGR metadata
2026,13/02/2026,3179,करारनामा,Other,Anik,1A/1,सह दु.नि.मुंबई 27,369,अजमेरा मेनहट्टंन बिल्डिंग नं 3,4001,40वा मजला,,,,,,,Maharashtra IGR,IGR metadata
2026,13/02/2026,3180,करारनामा,Other,Anik,1A/1,सह दु.नि.मुंबई 27,369,अजमेरा मेनहट्टंन बिल्डिंग नं 3,4002,40वा मजला,,,,,,,Maharashtra IGR,IGR metadata
2026,13/02/2026,3220,करारनामा,Other,Anik,1A/1,सह दु.नि.मुंबई 27,369,अजमेरा ग्रीनफिनिटी,103,1ला मजला,,,,,,,Maharashtra IGR,IGR metadata
2026,12/02/2026,3087,करारनामा,Other,Anik,1A/1,सह दु.नि.मुंबई 27,369,अजमेरा ग्रीनफिनिटी,1704,17वा मजला,,,,,,,Maharashtra IGR,IGR metadata
2026,10/02/2026,2386,Leave and Licenses,Rent / Licence,Anik,1A/1,Joint S.R. Mumbai 9,323,SHREE SIDDHIVINAYAK CHS LTD,,GroundBuilding Name:SHREE SIDDHIVINAYAK ,,,,,,,Maharashtra IGR,IGR metadata
2026,10/02/2026,2806,करारनामा,Other,Anik,1A/1,सह दु.नि.मुंबई 27,369,अजमेरा मेनहट्टंन बिल्डिंग नं 3,1402,14वा मजला,,,,,,,Maharashtra IGR,IGR metadata
2026,09/02/2026,259,"Agreement Relating to Deposit of Title Deeds,Pawn",Mortgage / Security,Anik,1A/1,Joint S.R. Mumbai 9,323,AJMERA MANHATTAN BLDH NO,4103,41,,,,,,,Maharashtra IGR,IGR metadata
2026,07/02/2026,290,"Agreement Relating to Deposit of Title Deeds,Pawn",Mortgage / Security,Anik,1A/1,Joint S.R. Mumbai 29,390,AJMERA GREENFINITY,1501,,,,,,,,Maharashtra IGR,IGR metadata
2026,06/02/2026,225,"Agreement Relating to Deposit of Title Deeds,Pawn",Mortgage / Security,Anik,1A/1,Joint S.R. Mumbai 28,370,AJMERA GREENFINITY,1801,,,,,,,,Maharashtra IGR,IGR metadata
2026,05/02/2026,2537,36-अ-लिव्ह अॅड लायसन्सेस,Rent / Licence,Anik,1A/1,सह दु.नि.मुंबई 27,369,,,,,,,,,,Maharashtra IGR,IGR metadata
2026,05/02/2026,257,"Agreement Relating to Deposit of Title Deeds,Pawn",Mortgage / Security,Anik,1A/1,Joint S.R. Mumbai 30,391,Ajmera Greenfinity,,17,,,,,,,Maharashtra IGR,IGR metadata
2026,05/02/2026,260,"Agreement Relating to Deposit of Title Deeds,Pawn",Mortgage / Security,Anik,1A/1,Joint S.R. Mumbai 29,390,AJMERA GREENFINITY,1803,,,,,,,,Maharashtra IGR,IGR metadata
2026,05/02/2026,2689,Leave and Licenses,Rent / Licence,Anik,1A/1,Joint S.R. Mumbai 21,389,AJMERA GREENFINITYAddress:BHAKTI PARK,904/D,9Building Name:AJMERA GREENFINITYAddress,,,,,,,Maharashtra IGR,IGR metadata
2026,05/02/2026,285,"Agreement Relating to Deposit of Title Deeds,Pawn",Mortgage / Security,Anik,1A/1,Joint S.R. Mumbai 18,368,AJMERA GREENFINITY BHAKTI PARK ANIK,,,,,,,,,Maharashtra IGR,IGR metadata
2026,04/02/2026,2295,करारनामा,Other,Anik,1A/1,सह दु.नि.मुंबई 27,369,अजमेरा मेनहट्टंन बिल्डिंग नं3,4003,40वा मजला,,,,,,,Maharashtra IGR,IGR metadata
2026,04/02/2026,2532,सेल डीड,Sale / Agreement,Anik,1A/1,सह दु.नि.मुंबई 2,319,बिल्डिंग नं 4 साईभक्ती सी एच एस ली,रूम नं 113,1ला मजला,,,,,,,Maharashtra IGR,IGR metadata
2026,03/02/2026,199,"Agreement Relating to Deposit of Title Deeds,Pawn",Mortgage / Security,Anik,1A/1,Joint S.R. Mumbai 30,391,AJMERA MANHATTAN BHAKTI PARK,A,38,,,,,,,Maharashtra IGR,IGR metadata
2026,03/02/2026,2114,करारनामा,Other,Anik,1A/1,सह दु.नि.मुंबई 27,369,अजमेरा मेनहट्टंन,1401,14वा मजला,,,,,,,Maharashtra IGR,IGR metadata
2026,03/02/2026,2271,Leave and Licenses,Rent / Licence,Anik,1A/1,Joint S.R. Mumbai 11,401,BILDING NO 9Address:MMRDA COLONY Road name:BHAKTI PARK WADALA Pincode:400037City:AnikDistrict:Mumbai,,GroundBuilding Name: BILDING NO 9Address,,,,,,,Maharashtra IGR,IGR metadata
2026,02/02/2026,1889,Leave and Licenses,Rent / Licence,Anik,1A/1,Joint S.R. Mumbai 17,367,Ajmera GreenfinityAddress:Bhakti Park,403/CFloor,4Building Name:Ajmera GreenfinityAddress,,,,,,,Maharashtra IGR,IGR metadata
2026,02/02/2026,821,Leave and Licenses,Rent / Licence,Anik,1A/1,Joint S.R. Mumbai 26,519,Ajmera Greenfinity Address:Near Imax Theatre,D-1001Floor,10Building Name:Ajmera Greenfinity Addre,,,,,,,Maharashtra IGR,IGR metadata
2026,30/01/2026,122,"Agreement Relating to Deposit of Title Deeds,Pawn",Mortgage / Security,Anik,1A/1,Joint S.R. Mumbai 24,517,AJMERA MANHATTAN BHAKTI PARK,3608,36,,,,,,,Maharashtra IGR,IGR metadata
2026,30/01/2026,195,"Agreement Relating to Deposit of Title Deeds,Pawn",Mortgage / Security,Anik,1A/1,Joint S.R. Mumbai 29,390,AJMERA GREENFINITY,1901,,,,,,,,Maharashtra IGR,IGR metadata
2026,30/01/2026,2175,सेल डीड,Sale / Agreement,Anik,1A/1,सह दु.नि.मुंबई 31,520,अजमेरा ट्रेऑन,2404,24 वा हॅबिटेबल मजला,,,,,,,Maharashtra IGR,IGR metadata
2026,30/01/2026,2197,Leave and Licenses,Rent / Licence,Anik,1A/1,Joint S.R. Mumbai 21,389,BUILDING NO 3Address:MMRDA COLONY WADALA MUMBAI Road name:BHAKTI PARK Pincode:400037City:AnikDistric,206Floor,2Building Name:BUILDING NO 3Address:MMRD,,,,,,,Maharashtra IGR,IGR metadata
2026,30/01/2026,473,"Agreement Relating to Deposit of Title Deeds,Pawn",Mortgage / Security,Anik,1A/1,Joint S.R. Mumbai 31,520,AJMERA ZEON BHAKTI PARK,,,,,,,,,Maharashtra IGR,IGR metadata
2026,27/01/2026,164,"Agreement Relating to Deposit of Title Deeds,Pawn",Mortgage / Security,Anik,1A/1,Joint S.R. Mumbai 30,391,AJMERA GREENFINITY,1803,,,,,,,,Maharashtra IGR,IGR metadata
2026,27/01/2026,241,"Agreement Relating to Deposit of Title Deeds,Pawn",Mortgage / Security,Anik,1A/1,Joint S.R. Mumbai 27,369,AJMERA GREENINFINITY B WING BHAKTI PARK ANI,1602,,,,,,,,Maharashtra IGR,IGR metadata
2026,23/01/2026,1494,करारनामा,Other,Anik,1A/1,सह दु.नि.मुंबई 27,369,अजमेरा मेनहट्टंन बिल्डिंग नं 3,शोप नं 2,तळ मजला,,,,,,,Maharashtra IGR,IGR metadata
2026,23/01/2026,226,"Agreement Relating to Deposit of Title Deeds,Pawn",Mortgage / Security,Anik,1A/1,Joint S.R. Mumbai 27,369,AJMERA MANHATTAN BHAKTI PARK,3107,31,,,,,,,Maharashtra IGR,IGR metadata
2026,23/01/2026,84,"Agreement Relating to Deposit of Title Deeds,Pawn",Mortgage / Security,Anik,1A/1,Joint S.R. Mumbai 24,517,Ajmera Greenfinity Bhakti Park Anik Wadala,1704,,,,,,,,Maharashtra IGR,IGR metadata
2026,23/01/2026,86,"Agreement Relating to Deposit of Title Deeds,Pawn",Mortgage / Security,Anik,1A/1,Joint S.R. Mumbai 24,517,AJMERA MANHATTAN BHAKTI PARK,3108,31,,,,,,,Maharashtra IGR,IGR metadata
2026,22/01/2026,150,"Agreement Relating to Deposit of Title Deeds,Pawn",Mortgage / Security,Anik,1A/1,Joint S.R. Mumbai 30,391,,202,2,,,,,,,Maharashtra IGR,IGR metadata
2026,21/01/2026,1495,करारनामा,Other,Anik,1A/1,सह दु.नि.मुंबई 31,520,,509,,,,,,,,Maharashtra IGR,IGR metadata
2026,21/01/2026,157,"Agreement Relating to Deposit of Title Deeds,Pawn",Mortgage / Security,Anik,1A/1,Joint S.R. Mumbai 29,390,AJMERA GREENINFINITY BHAKTI PARK ANIK WADAL,1702,,,,,,,,Maharashtra IGR,IGR metadata
2026,20/01/2026,1005,करारनामा,Other,Anik,1A/1,सह दु.नि.मुंबई 27,369,अजमेरा ग्रीनफिनिटी,1703,17वा मजला,,,,,,,Maharashtra IGR,IGR metadata
2026,20/01/2026,1081,Leave and Licenses,Rent / Licence,Anik,1A/1,Joint S.R. Mumbai 27,369,BUILDING NO 5 Address:MMRDA COLONY Road name:BHAKTI PARK WADALA Pincode:400037City:AnikDistrict:Mumb,702Floor,7Building Name:BUILDING NO 5 Address:MMR,,,,,,,Maharashtra IGR,IGR metadata
2026,20/01/2026,1144,करारनामा,Other,Anik,1A/1,सह दु.नि.मुंबई 27,369,अजमेरा ग्रीनफिनिटी,2101,21वा मजला,,,,,,,Maharashtra IGR,IGR metadata
2026,20/01/2026,991,करारनामा,Other,Anik,1A/1,सह दु.नि.मुंबई 27,369,अजमेरा ग्रीनफिनिटी,2103,21वा मजला,,,,,,,Maharashtra IGR,IGR metadata
2026,20/01/2026,999,Leave and Licenses,Rent / Licence,Anik,1A/1,Joint S.R. Mumbai 14,514,AJMERA TREONAddress:WADALA EAST,604/B,6Building Name:AJMERA TREONAddress:WADAL,,,,,,,Maharashtra IGR,IGR metadata
2026,19/01/2026,101,"Agreement Relating to Deposit of Title Deeds,Pawn",Mortgage / Security,Anik,1A/1,Joint S.R. Mumbai 30,391,AJMERA GREENFINITY,2003,,,,,,,,Maharashtra IGR,IGR metadata
2026,19/01/2026,1085,करारनामा,Other,Anik,1A/1,सह दु.नि.मुंबई 31,520,वॅलेंसिया,202,2 रा मजला,,,,,,,Maharashtra IGR,IGR metadata
2026,19/01/2026,1091,अँग्रीमेंट टू सेल,Sale / Agreement,Anik,1A/1,सह दु.नि.मुंबई 31,520,अजमेरा ग्रीनफिनिटी को-ऑप हाऊसिंग सोसायटी लि.,1201,बारावा मजला,,,,,,,Maharashtra IGR,IGR metadata
2026,19/01/2026,1242,Leave and Licenses,Rent / Licence,Anik,1A/1,Joint S.R. Mumbai 31,520,Ajmera GreenfinityAddress:Bhakti Park,D-604Floor,6Building Name:Ajmera GreenfinityAddress,,,,,,,Maharashtra IGR,IGR metadata
2026,19/01/2026,983,करारनामा,Other,Anik,1A/1,सह दु.नि.मुंबई 27,369,अजमेरा ग्रीनफिनिटी,2104,21वा मजला,,,,,,,Maharashtra IGR,IGR metadata
2026,16/01/2026,732,करारनामा,Other,Anik,1A/1,सह दु.नि.मुंबई 27,369,अजमेरा ग्रीनफिनिटी,1503,15वा मजला,,,,,,,Maharashtra IGR,IGR metadata
2026,16/01/2026,814,करारनामा,Other,Anik,1A/1,सह दु.नि.मुंबई 27,369,अजमेरा ग्रीनफिनिटी,1904,19वा मजला,,,,,,,Maharashtra IGR,IGR metadata
2026,16/01/2026,819,करारनामा,Other,Anik,1A/1,सह दु.नि.मुंबई 27,369,अजमेरा ग्रीनफिनिटी,2104,21वा मजला,,,,,,,Maharashtra IGR,IGR metadata
2026,16/01/2026,908,Leave and Licenses,Rent / Licence,Anik,1A/1,Joint S.R. Mumbai 20,388,BUILDING NO 2Address:MMRDA COLONY Road name:BHAKTI PARK WADALA Pincode:400037City:AnikDistrict:Mumba,713Floor,7Building Name:BUILDING NO 2Address:MMRD,,,,,,,Maharashtra IGR,IGR metadata
2026,14/01/2026,270,"Agreement Relating to Deposit of Title Deeds,Pawn",Mortgage / Security,Anik,1A/1,Joint S.R. Mumbai 31,520,AJMERA MANHATTAN BLDG NO,,,,,,,,,Maharashtra IGR,IGR metadata
2026,14/01/2026,52,"Agreement Relating to Deposit of Title Deeds,Pawn",Mortgage / Security,Anik,1A/1,Joint S.R. Mumbai 8,322,AJMERA GREENFINITY,2103,21,,,,,,,Maharashtra IGR,IGR metadata
2026,12/01/2026,36,"Agreement Relating to Deposit of Title Deeds,Pawn",Mortgage / Security,Anik,1A/1,Joint S.R. Mumbai 8,322,AJMERA TREON CHSL AJMERA ISLAND,,,,,,,,,Maharashtra IGR,IGR metadata
2026,12/01/2026,566,Leave and Licenses,Rent / Licence,Anik,1A/1,Joint S.R. Mumbai 27,369,Ajmera Greenfinity Address:Wadala East,1104/DFloor,11Building Name:Ajmera Greenfinity Addre,,,,,,,Maharashtra IGR,IGR metadata
2026,12/01/2026,652,36-अ-लिव्ह अॅड लायसन्सेस,Rent / Licence,Anik,1A/1,सह दु.नि.मुंबई 27,369,अजमेरा मेनहट्टंन बिल्डिंग नं 3,,तळ मजला,,,,,,,Maharashtra IGR,IGR metadata
2026,11/01/2026,725,36-अ-लिव्ह अॅड लायसन्सेस,Rent / Licence,Anik,1A/1,सह दु.नि.मुंबई 28,370,,,,,,,,,,Maharashtra IGR,IGR metadata
2026,09/01/2026,87,"Agreement Relating to Deposit of Title Deeds,Pawn",Mortgage / Security,Anik,1A/1,Joint S.R. Mumbai 10,378,AJMERA MANHATTAN ANIK WADALA LINK ROAD BHAK,,,,,,,,,Maharashtra IGR,IGR metadata
2026,09/01/2026,88,"Agreement Relating to Deposit of Title Deeds,Pawn",Mortgage / Security,Anik,1A/1,Joint S.R. Mumbai 10,378,AJMERA MANHATTAN ANIK WADALA LINK ROAD BHKA,,,,,,,,,Maharashtra IGR,IGR metadata
2026,08/01/2026,439,करारनामा,Other,Anik,1A/1,सह दु.नि.मुंबई 27,369,अजमेरा ग्रीनफिनिटी,701,7वा मजला,,,,,,,Maharashtra IGR,IGR metadata
2026,08/01/2026,440,करारनामा,Other,Anik,1A/1,सह दु.नि.मुंबई 27,369,अजमेरा ग्रीनफिनिटी,703,7वा मजला,,,,,,,Maharashtra IGR,IGR metadata
2026,08/01/2026,467,सेल डीड,Sale / Agreement,Anik,1A/1,सह दु.नि.मुंबई 31,520,अजमेरा ट्रेऑन को-ऑपरेटिव्ह हाऊसिंग सोसायटी लि.,502,पाचवा हॅबिटेबल मजला,,,,,,,Maharashtra IGR,IGR metadata
2026,08/01/2026,508,सेल डीड,Sale / Agreement,Anik,1A/1,सह दु.नि.मुंबई 31,520,,404,,,,,,,,Maharashtra IGR,IGR metadata
2026,08/01/2026,536,करारनामा,Other,Anik,1A/1,सह दु.नि.मुंबई 31,520,,501,,,,,,,,Maharashtra IGR,IGR metadata
2026,08/01/2026,69,"Agreement Relating to Deposit of Title Deeds,Pawn",Mortgage / Security,Anik,1A/1,Joint S.R. Mumbai 9,323,AJMERA GREENFINITY,603,6,,,,,,,Maharashtra IGR,IGR metadata
2026,07/01/2026,341,करारनामा,Other,Anik,1A/1,सह दु.नि.मुंबई 27,369,अजमेरा मेनहट्टंन बिल्डिंग नं3,1305,13वा मजला,,,,,,,Maharashtra IGR,IGR metadata
2026,07/01/2026,356,ट्रान्सफर डीड,Other,Anik,1A/1,सह दु.नि.मुंबई 4,508,,501,,,,,,,,Maharashtra IGR,IGR metadata
2026,06/01/2026,241,करारनामा,Other,Anik,1A/1,सह दु.नि.मुंबई 27,369,अजमेरा ग्रीनफिनिटी,1603,16वा मजला,,,,,,,Maharashtra IGR,IGR metadata
2026,06/01/2026,242,करारनामा,Other,Anik,1A/1,सह दु.नि.मुंबई 27,369,अजमेरा ग्रीनफिनिटी,1502,15वा मजला,,,,,,,Maharashtra IGR,IGR metadata
2026,06/01/2026,76,"Agreement Relating to Deposit of Title Deeds,Pawn",Mortgage / Security,Anik,1A/1,Joint S.R. Mumbai 31,520,AJMERA GREENFINITY CHSL C WING ANIK WADALA,,,,,,,,,Maharashtra IGR,IGR metadata
2026,05/01/2026,120,करारनामा,Other,Anik,1A/1,सह दु.नि.मुंबई 27,369,अजमेरा ग्रीनफिनिटी,1603,16वा मजला,,,,,,,Maharashtra IGR,IGR metadata
2026,05/01/2026,137,करारनामा,Other,Anik,1A/1,सह दु.नि.मुंबई 27,369,अजमेरा ग्रीनफिनिटी,1703,17वा मजला,,,,,,,Maharashtra IGR,IGR metadata
2026,05/01/2026,138,करारनामा,Other,Anik,1A/1,सह दु.नि.मुंबई 27,369,अजमेरा ग्रीनफिनिटी,1901,19वा मजला,,,,,,,Maharashtra IGR,IGR metadata
2026,05/01/2026,139,करारनामा,Other,Anik,1A/1,सह दु.नि.मुंबई 27,369,अजमेरा ग्रीनफिनिटी,1902,19वा मजला,,,,,,,Maharashtra IGR,IGR metadata
2026,05/01/2026,141,करारनामा,Other,Anik,1A/1,सह दु.नि.मुंबई 27,369,अजमेरा ग्रीनफिनिटी,2004,20वा मजला,,,,,,,Maharashtra IGR,IGR metadata
2026,05/01/2026,97,सेल डीड,Sale / Agreement,Anik,1A/1,सह दु.नि.मुंबई 31,520,,2302,,,,,,,,Maharashtra IGR,IGR metadata
2026,01/01/2026,12,करारनामा,Other,Anik,1A/1,सह दु.नि.मुंबई 27,369,,516,,,,,,,,Maharashtra IGR,IGR metadata
2026,01/01/2026,18,"Agreement Relating to Deposit of Title Deeds,Pawn",Mortgage / Security,Anik,1A/1,Joint S.R. Mumbai 11,401,AJMERA TREON BHAKTI PARK ANIK WADALA LINK R,,,,,,,,,Maharashtra IGR,IGR metadata